ID,NAME,WEBSITE
0014100000MUZxXAAX,"Yum! Brands, Inc.",yum.com
0014100000MUZxYAAX,Parker-Hannifin Corporation,parker.com
0014100000MUZxZAAX,"Whole Foods Market, Inc.",wholefoodsmarket.com
0014100000MUZxaAAH,"Marriott International, Inc.",marriott.com
0014100000MUZxbAAH,"C. H. Robinson Worldwide, Inc.",chrobinson.com
0014100000MUZxcAAH,"L-3 Communications Holdings, Inc.",l-3com.com
0014100000MUZxdAAH,Edison International,edisoninvestor.com
0014100000MUZxeAAH,"Toys ""R"" Us, Inc",toysrusinc.com
0014100000MUZxfAAH,"Nordstrom, Inc.",nordstrom.com
0014100000MUZxgAAH,"Consolidated Edison, Inc.",conedison.com
0014100000MUZxhAAH,"Marsh &amp; McLennan Companies, Inc.",mmc.com
0014100000MUZxiAAH,Texas Instruments Incorporated,ti.com
0014100000MUZxjAAH,Textron Inc.,textron.com
0014100000MUZxkAAH,Tenet Healthcare Corporation,tenethealth.com
0014100000MUZxlAAH,DaVita HealthCare Partners Inc.,davita.com
0014100000MUZxmAAH,CSX Corporation,csx.com
0014100000MUZxnAAH,Lincoln National Corporation,lfg.com
0014100000MUZxoAAH,"Praxair, Inc.",praxair.com
0014100000MUZxpAAH,PPL Corporation,pplweb.com
0014100000MUZxqAAH,"J.C. Penney Company, Inc.",jcpenney.com
0014100000MUZxrAAH,"Peter Kiewit Sons', Inc.",kiewit.com
0014100000MUZxsAAH,Jacobs Engineering Group Inc.,jacobs.com
0014100000MUZxtAAH,Visa Inc.,corporate.visa.com
0014100000MUZxuAAH,H.J. Heinz Company,heinz.com
0014100000MUZxvAAH,"CarMax, Inc.",carmax.com
0014100000MUZxwAAH,V.F. Corporation,vfc.com
0014100000MUZxxAAH,Entergy Corporation,entergy.com
0014100000MUZxyAAH,"Automatic Data Processing, Inc.",adp.com
0014100000MUZxzAAH,"NRG Energy, Inc.",nrgenergy.com
0014100000MUZy0AAH,Guardian Life Ins. Co. of America,guardianlife.com
0014100000MUZy1AAH,Liberty Interactive Corporation,libertyinteractive.com
0014100000MUZy2AAH,Norfolk Southern Corporation,nscorp.com
0014100000MUZy3AAH,"Office Depot, Inc.",officedepot.com
0014100000MUZy4AAH,"Ameriprise Financial, Inc.",ameriprise.com
0014100000MUZy5AAH,"Gilead Sciences, Inc.",gilead.com
0014100000MUZy6AAH,Centene Corporation,centene.com
0014100000MUZy7AAH,Leucadia National Corporation,leucadia.com
0014100000MUZy8AAH,Huntsman Corporation,huntsman.com
0014100000MUZy9AAH,"Health Net, Inc.",healthnet.com
0014100000MUZyAAAX,"Stanley Black &amp; Decker, Inc.",stanleyblackanddecker.com
0014100000MUZyBAAX,URS Corporation,urs.com
0014100000MUZyCAAX,Xcel Energy Inc.,xcelenergy.com
0014100000MUZyDAAX,Bed Bath &amp; Beyond Inc.,bedbathandbeyond.com
0014100000MUZyEAAX,Navistar International Corporation,navistar.com
0014100000MUZyFAAX,Synnex Corporation,synnex.com
0014100000MUZyGAAX,First Data Corporation,firstdata.com
0014100000MUZyHAAX,AGCO Corporation,agcocorp.com
0014100000MUZyIAAX,"L Brands, Inc.",lb.com
0014100000MUZyJAAX,"Hertz Global Holdings, Inc.",hertz.com
0014100000MUZyKAAX,CDW Corporation,cdw.com
0014100000MUZyLAAX,"CST Brands, Inc.",cstbrands.com
0014100000MUZyMAAX,Sempra Energy,sempra.com
0014100000MUZyNAAX,R.R. Donnelley &amp; Sons Company,rrdonnelley.com
0014100000MUZyOAAX,BB&amp;T Corporation,bbt.com
0014100000MUZyPAAX,Devon Energy Corporation,devonenergy.com
0014100000MUZyQAAX,"Family Dollar Stores, Inc.",familydollar.com
0014100000MUZyRAAX,Unum Group,unum.com
0014100000MUZySAAX,Ally Financial Inc.,ally.com
0014100000MUZyTAAX,"Reinsurance Group of America, Incorporated",rgare.com
0014100000MUZyUAAX,State Street Corporation,statestreet.com
0014100000MUZyVAAX,"Air Products &amp; Chemicals, Inc.",airproducts.com
0014100000MUZyWAAX,"Ross Stores, Inc.",rossstores.com
0014100000MUZyXAAX,The Sherwin-Williams Company,sherwin.com
0014100000MUZyYAAX,The Est?ÃƒÂƒÃ‚Â¶ÃƒÂ‚Ã‚Â£?ÃƒÂƒÃ‚Â®ÃƒÂƒÃ¢Â€Â°e Lauder Companies Inc.,elcompanies.com
0014100000MUZyZAAX,"BlackRock, Inc.",blackrock.com
0014100000MUZyaAAH,"Western Refining, Inc.",wnr.com
0014100000MUZybAAH,"Avon Products, Inc.",avoncompany.com
0014100000MUZycAAH,The Mosaic Company,mosaicco.com
0014100000MUZydAAH,Public Service Enterprise Group Incorporated,pseg.com
0014100000MUZyeAAH,Dean Foods Company,deanfoods.com
0014100000MUZyfAAH,Cameron International Corporation,c-a-m.com
0014100000MUZygAAH,MGM Resorts International,mgmresorts.com
0014100000MUZyhAAH,KKR &amp; Co. L.P.,kkr.com
0014100000MUZyiAAH,Hilton Worldwide Holdings Inc.,hiltonworldwide.com
0014100000MUZyjAAH,DTE Energy Company,dteenergy.com
0014100000MUZykAAH,"Genworth Financial, Inc.",genworth.com
0014100000MUZylAAH,"Henry Schein, Inc.",henryschein.com
0014100000MUZymAAH,Rock-Tenn Company,rocktenn.com
0014100000MUZynAAH,"WellCare Health Plans, Inc.",wellcare.com
0014100000MUZyoAAH,"W.W. Grainger, Inc.",grainger.com
0014100000MUZypAAH,Discover Financial Services,discoverfinancial.com
0014100000MUZyqAAH,Eastman Chemical Company,eastman.com
0014100000MUZyrAAH,"Principal Financial Group, Inc.",principal.com
0014100000MUZysAAH,Reliance Steel &amp; Aluminum Co.,rsac.com
0014100000MUZytAAH,"AutoZone, Inc.",autozone.com
0014100000MUZyuAAH,Dover Corporation,dovercorporation.com
0014100000MUZyvAAH,"Micron Technology, Inc.",micron.com
0014100000MUZywAAH,"Owens &amp; Minor, Inc.",owens-minor.com
0014100000MUZyxAAH,"Assurant, Inc.",assurant.com
0014100000MUZyyAAH,GameStop Corp.,gamestopcorp.com
0014100000MUZyzAAH,Stryker Corporation,stryker.com
0014100000MUZz0AAH,"Group 1 Automotive, Inc.",group1auto.com
0014100000MUZz1AAH,Cognizant Technology Solutions Corporation,cognizant.com
0014100000MUZz2AAH,"Sonic Automotive, Inc.",sonicautomotive.com
0014100000MUZz3AAH,"Autoliv, Inc.",autoliv.com
0014100000MUZz5AAH,"Motorola Solutions, Inc.",motorolasolutions.com
0014100000MUZz6AAH,"Crown Holdings, Inc.",crowncork.com
0014100000MUZz7AAH,"SunTrust Banks, Inc.",suntrust.com
0014100000MUZz8AAH,Campbell Soup Company,campbellsoupcompany.com
0014100000MUZz9AAH,"Fidelity National Financial, Inc.",fnf.com
0014100000MUZzAAAX,"HD Supply Holdings, Inc.",hdsupply.com
0014100000MUZzBAAX,Caesars Entertainment Corporation,caesars.com
0014100000MUZzCAAX,"Darden Restaurants, Inc.",darden.com
0014100000MUZzDAAX,Weyerhaeuser Company,weyerhaeuser.com
0014100000MUZzEAAX,Ball Corporation,ball.com
0014100000MUZzFAAX,Precision Castparts Corp.,precast.com
0014100000MUZzGAAX,Masco Corporation,masco.com
0014100000MUZzHAAX,"Universal Health Services, Inc.",uhsinc.com
0014100000MUZzIAAX,"Republic Services, Inc.",republicservices.com
0014100000MUZz4AAH,Hormel Foods Corporation,hormelfoods.com
0014100000MUZzJAAX,MasterCard Incorporated,mastercard.com
0014100000MUZzKAAX,Newmont Mining Corporation,newmont.com
0014100000MUZzLAAX,Broadcom Corporation,broadcom.com
0014100000MUZzMAAX,Reynolds American Inc.,reynoldsamerican.com
0014100000MUZzNAAX,PVH Corp.,pvh.com
0014100000MUZzOAAX,"Charter Communications, Inc.",charter.com
0014100000MUZzPAAX,AECOM Technology Corporation,aecom.com
0014100000MUZzQAAX,"CenterPoint Energy, Inc.",centerpointenergy.com
0014100000MUZzRAAX,Pacific Life,pacificlife.com
0014100000MUZzSAAX,Thrivent Financial for Lutherans,thrivent.com
0014100000MUZzTAAX,"Becton, Dickinson and Company",bd.com
0014100000MUZzUAAX,"Franklin Resources, Inc.",franklinresources.com
0014100000MUZzVAAX,Tenneco Inc.,tenneco.com
0014100000MUZzWAAX,TravelCenters of America LLC,tatravelcenters.com
0014100000MUZzXAAX,"Avis Budget Group, Inc.",avisbudgetgroup.com
0014100000MUZzYAAX,"Facebook, Inc.",facebook.com
0014100000MUZzZAAX,"Dollar Tree, Inc.",dollartree.com
0014100000MUZzaAAH,Corning Incorporated,corning.com
0014100000MUZzbAAH,Ashland Inc.,ashland.com
0014100000MUZzcAAH,Sealed Air Corporation,sealedair.com
0014100000MUZzdAAH,"Core-Mark Holding Company, Inc.",core-mark.com
0014100000MUZzeAAH,Oshkosh Corporation,oshkoshcorporation.com
0014100000MUZzfAAH,"Coca-Cola Enterprises, Inc.",cokecce.com
0014100000MUZzgAAH,"WESCO International, Inc.",wesco.com
0014100000MUZzhAAH,"Applied Materials, Inc.",appliedmaterials.com
0014100000MUZziAAH,Visteon Corporation,visteon.com
0014100000MUZzjAAH,BorgWarner Inc.,borgwarner.com
0014100000MUZzkAAH,"Spectrum Group International, Inc.",spectrumgi.com
0014100000MUZzlAAH,"Oaktree Capital Group, LLC",oaktreecapital.com
0014100000MUZzmAAH,"Steel Dynamics, Inc.",steeldynamics.com
0014100000MUZznAAH,Jarden Corporation,jarden.com
0014100000MUZzoAAH,"Mohawk Industries, Inc.",mohawkind.com
0014100000MUZzpAAH,Terex Corporation,terex.com
0014100000MUZzqAAH,Northeast Utilities,nu.com
0014100000MUZzrAAH,"KBR, Inc.",kbr.com
0014100000MUZzsAAH,Fifth Third Bancorp,53.com
0014100000MUZztAAH,UGI Corporation,ugicorp.com
0014100000MUZzuAAH,"CBRE Group, Inc.",cbre.com
0014100000MUZzvAAH,Quest Diagnostics Incorporated,questdiagnostics.com
0014100000MUZzwAAH,Peabody Energy Corporation,peabodyenergy.com
0014100000MUZzxAAH,The Hershey Company,thehersheycompany.com
0014100000MUZzyAAH,Boston Scientific Corporation,bostonscientific.com
0014100000MUZzzAAH,"FMC Technologies, Inc.",fmctechnologies.com
0014100000MUa00AAD,"The Interpublic Group of Companies, Inc.",interpublic.com
0014100000MUa01AAD,Commercial Metals Company,cmc.com
0014100000MUa02AAD,"The Pantry, Inc.",thepantry.com
0014100000MUa03AAD,"Owens-Illinois, Inc.",o-i.com
0014100000MUa04AAD,American Family Ins. Group,amfam.com
0014100000MUa05AAD,Ralph Lauren Corporation,ralphlauren.com
0014100000MUa06AAD,Biogen Idec Inc.,biogenidec.com
0014100000MUa07AAD,"PetSmart, Inc.",petm.com
0014100000MUa08AAD,Mylan Inc.,mylan.com
0014100000MUa09AAD,Symantec Corporation,symantec.com
0014100000MUa0AAAT,Ameren Corporation,ameren.com
0014100000MUa0BAAT,"The Williams Companies, Inc.",williams.com
0014100000MUa0CAAT,"Barnes &amp; Noble, Inc.",barnesandnobleinc.com
0014100000MUZu5AAH,Exxon Mobil,exxonmobil.com
0014100000MUZu6AAH,Chevron,chevron.com
0014100000MUZu7AAH,Berkshire Hathaway,berkshirehathaway.com
0014100000MUZu8AAH,Apple,apple.com
0014100000MUZu9AAH,Phillips 66,phillips66.com
0014100000MUZuAAAX,General Motors,gm.com
0014100000MUZuBAAX,Ford Motor,ford.com
0014100000MUZuCAAX,General Electric,ge.com
0014100000MUZuDAAX,Valero Energy,valero.com
0014100000MUZuEAAX,AT&amp;T,att.com
0014100000MUZuFAAX,CVS Caremark,info.cvscaremark.com
0014100000MUZuGAAX,Fannie Mae,fanniemae.com
0014100000MUZuHAAX,UnitedHealth Group,unitedhealthgroup.com
0014100000MUZuIAAX,McKesson,mckesson.com
0014100000MUZuJAAX,Verizon Communications,verizon.com
0014100000MUZuKAAX,Hewlett-Packard,hp.com
0014100000MUZuLAAX,J.P. Morgan Chase &amp; Co.,jpmorganchase.com
0014100000MUZuMAAX,Costco Wholesale,costco.com
0014100000MUZuNAAX,Express Scripts Holding,express-scripts.com
0014100000MUZuOAAX,Bank of America,bankofamerica.com
0014100000MUZuPAAX,Cardinal Health,cardinal.com
0014100000MUZuQAAX,International Business Machines,ibm.com
0014100000MUZuRAAX,Kroger,thekrogerco.com
0014100000MUZuSAAX,Marathon Petroleum,marathonpetroleum.com
0014100000MUa0DAAT,"Huntington Ingalls Industries, Inc.",huntingtoningalls.com
0014100000MUa0EAAT,The Priceline Group Inc.,pricelinegroup.com
0014100000MUa0FAAT,"Agilent Technologies, Inc.",agilent.com
0014100000MUa0GAAT,Dana Holding Corporation,dana.com
0014100000MUa0HAAT,"Dillard's, Inc.",dillards.com
0014100000MUa0IAAT,Seaboard Corporation,seaboardcorp.com
0014100000MUa0JAAT,"Vanguard Health Systems, Inc.",tenethealth.com
0014100000MUa0KAAT,"Casey's General Stores, Inc.",caseys.com
0014100000MUa0LAAT,"O'Reilly Automotive, Inc.",oreillyauto.com
0014100000MUa0MAAT,The Blackstone Group L.P.,blackstone.com
0014100000MUa0NAAT,Mutual of Omaha Insurance Company,mutualofomaha.com
0014100000MUa0OAAT,"Molina Healthcare, Inc.",molinahealthcare.com
0014100000MUa0PAAT,CMS Energy Corporation,cmsenergy.com
0014100000MUa0QAAT,Targa Resources Corp.,targaresources.com
0014100000MUa0RAAT,"Quanta Services, Inc.",quantaservices.com
0014100000MUa0SAAT,Cablevision Systems Corporation,cablevision.com
0014100000MUa0TAAT,Avery Dennison Corporation,averydennison.com
0014100000MUa0UAAT,Celanese Corporation,celanese.com
0014100000MUa0VAAT,"Foot Locker, Inc.",footlocker-inc.com
0014100000MUZuTAAX,Citigroup,citigroup.com
0014100000MUZuUAAX,Archer Daniels Midland,adm.com
0014100000MUZuVAAX,AmerisourceBergen,amerisourcebergen.com
0014100000MUZuWAAX,Wells Fargo,wellsfargo.com
0014100000MUZuXAAX,Boeing,boeing.com
0014100000MUZuYAAX,Procter &amp; Gamble,pg.com
0014100000MUZuZAAX,Freddie Mac,freddiemac.com
0014100000MUZuaAAH,Home Depot,homedepot.com
0014100000MUZubAAH,Microsoft,microsoft.com
0014100000MUZucAAH,Amazon.com,amazon.com
0014100000MUZudAAH,Target,target.com
0014100000MUZueAAH,Walgreen Co.,walgreens.com
0014100000MUZufAAH,WellPoint,wellpoint.com
0014100000MUZugAAH,Johnson &amp; Johnson,jnj.com
0014100000MUZuhAAH,American International Group,aig.com
0014100000MUZuiAAH,State Farm Insurance Cos.,statefarm.com
0014100000MUZujAAH,MetLife,metlife.com
0014100000MUZukAAH,PepsiCo,pepsico.com
0014100000MUZulAAH,Comcast,comcastcorporation.com
0014100000MUZumAAH,United Technologies,utc.com
0014100000MUZunAAH,Google,google.com
0014100000MUZuoAAH,ConocoPhillips,conocophillips.com
0014100000MUZupAAH,Dow Chemical,dow.com
0014100000MUZuqAAH,Caterpillar,caterpillar.com
0014100000MUZurAAH,United Parcel Service,ups.com
0014100000MUZusAAH,Pfizer,pfizer.com
0014100000MUZutAAH,Lowe's Companies,lowes.com
0014100000MUZuuAAH,Intel Corporation,intel.com
0014100000MUZuvAAH,"Energy Transfer Equity, L.P.",energytransfer.com
0014100000MUZuwAAH,"Cisco Systems, Inc.",cisco.com
0014100000MUZuxAAH,Enterprise Products Partners L.P.,enterpriseproducts.com
0014100000MUZuyAAH,Aetna Inc.,aetna.com
0014100000MUZuzAAH,The Coca-Cola Company,coca-colacompany.com
0014100000MUZv0AAH,Lockheed Martin Corporation,lockheedmartin.com
0014100000MUZv1AAH,"Best Buy Co., Inc.",bestbuy.com
0014100000MUZv2AAH,The Walt Disney Company,disney.com
0014100000MUZv3AAH,CHS Inc.,chsinc.com
0014100000MUZv4AAH,Sysco Corporation,sysco.com
0014100000MUZv5AAH,FedEx Corporation,fedex.com
0014100000MUZv6AAH,"Merck &amp; Co., Inc.",merck.com
0014100000MUZv7AAH,INTL FCStone Inc.,intlfcstone.com
0014100000MUZv8AAH,Safeway Inc.,safeway.com
0014100000MUZv9AAH,"Johnson Controls, Inc.",johnsoncontrols.com
0014100000MUZvAAAX,Ingram Micro Inc.,ingrammicro.com
0014100000MUZvBAAX,"Plains GP Holdings, L.P.",plainsallamerican.com
0014100000MUZvCAAX,World Fuel Services Corporation,wfscorp.com
0014100000MUZvDAAX,"Prudential Financial, Inc.",prudential.com
0014100000MUZvEAAX,Humana Inc.,humana.com
0014100000MUZvFAAX,"The Goldman Sachs Group, Inc.",gs.com
0014100000MUZvGAAX,Tesoro Corporation,tsocorp.com
0014100000MUZvHAAX,Liberty Mutual Holding Company Inc.,libertymutual.com
0014100000MUZvIAAX,Honeywell International Inc.,honeywell.com
0014100000MUZvJAAX,"United Continental Holdings, Inc.",unitedcontinentalholdings.com
0014100000MUZvKAAX,"HCA Holdings, Inc.",hcahealthcare.com
0014100000MUZvLAAX,Deere &amp; Company,deere.com
0014100000MUZvMAAX,"Delta Air Lines, Inc.",delta.com
0014100000MUZvNAAX,Oracle Corporation,oracle.com
0014100000MUZvOAAX,Morgan Stanley,morganstanley.com
0014100000MUZvPAAX,Hess Corporation,hess.com
0014100000MUZvQAAX,"Twenty-First Century Fox, Inc.",21cf.com
0014100000MUZvRAAX,E.I. du Pont de Nemours and Company,dupont.com
0014100000MUZvSAAX,Sears Holdings Corporation,searsholdings.com
0014100000MUZvTAAX,New York Life Insurance Company,newyorklife.com
0014100000MUZvUAAX,"Mondelez International, Inc.",mondelezinternational.com
0014100000MUZvVAAX,American Express Company,americanexpress.com
0014100000MUZvWAAX,Nationwide Mutual Insurance Co.,nationwide.com
0014100000MUZvXAAX,The Allstate Corporation,allstate.com
0014100000MUZvYAAX,"Tyson Foods, Inc.",tysonfoods.com
0014100000MUZvZAAX,Supervalu Inc.,supervalu.com
0014100000MUZvaAAH,TIAA-CREF,tiaa-cref.org
0014100000MUa0WAAT,Celgene Corporation,celgene.com
0014100000MUa0XAAT,"Advance Auto Parts, Inc.",advanceautoparts.com
0014100000MUZvbAAH,Massachusetts Mutual Life Insurance Company,massmutual.com
0014100000MUZvcAAH,CIGNA Corporation,cigna.com
0014100000MUZvdAAH,DIRECTV,directv.com
0014100000MUZveAAH,General Dynamics Corporation,generaldynamics.com
0014100000MUZvfAAH,Philip Morris International Inc.,pmi.com
0014100000MUZvgAAH,3M Company,3m.com
0014100000MUZvhAAH,Time Warner Inc.,timewarner.com
0014100000MUZviAAH,Halliburton Company,halliburton.com
0014100000MUZvjAAH,"Publix Super Markets, Inc.",publix.com
0014100000MUZvkAAH,International Paper Company,internationalpaper.com
0014100000MUZvlAAH,McDonald's Corporation,mcdonalds.com
0014100000MUZvmAAH,"Macy's, Inc.",macysinc.com
0014100000MUZvnAAH,"The TJX Companies, Inc.",tjx.com
0014100000MUZvoAAH,Fluor Corporation,fluor.com
0014100000MUZvpAAH,"Northwestern Mutual Life Insurance Company,Inc.",northwesternmutual.com
0014100000MUZvqAAH,Tech Data Corporation,techdata.com
0014100000MUZvrAAH,American Airlines Group Inc.,aa.com
0014100000MUZvsAAH,"The Hartford Financial Services Group, Inc.",thehartford.com
0014100000MUZvtAAH,"The Travelers Companies, Inc.",travelers.com
0014100000MUZvuAAH,"Nike, Inc.",nikeinc.com
0014100000MUZvvAAH,Occidental Petroleum Corporation,oxy.com
0014100000MUZvwAAH,"Avnet, Inc.",avnet.com
0014100000MUZvxAAH,Rite Aid Corporation,riteaid.com
0014100000MUZvyAAH,Exelon Corporation,exeloncorp.com
0014100000MUa0YAAT,"Mattel, Inc.",mattel.com
0014100000MUa0ZAAT,"Live Nation Entertainment, Inc.",livenation.com
0014100000MUa0aAAD,General Cable Corporation,generalcable.com
0014100000MUa0bAAD,"Ryder System, Inc.",ryder.com
0014100000MUa0cAAD,"EMCOR Group, Inc.",emcorgroup.com
0014100000MUa0dAAD,"Allergan, Inc.",allergan.com
0014100000MUa0eAAD,W.R. Berkley Corporation,wrberkley.com
0014100000MUa0fAAD,"Rockwell Automation, Inc.",rockwellautomation.com
0014100000MUa0gAAD,"NetApp, Inc.",netapp.com
0014100000MUa0hAAD,Ingredion Incorporated,ingredion.com
0014100000MUa0iAAD,"Level 3 Communications, Inc.",level3.com
0014100000MUa0jAAD,Calpine Corporation,calpine.com
0014100000MUa0kAAD,"Omnicare, Inc.",omnicare.com
0014100000MUa0lAAD,Erie Insurance Group,erieinsurance.com
0014100000MUa0mAAD,SLM Corporation,salliemae.com
0014100000MUa0nAAD,"D.R. Horton, Inc.",drhorton.com
0014100000MUa0oAAD,"CC Media Holdings, Inc.",clearchannel.com
0014100000MUa0pAAD,Anixter International Inc.,anixter.com
0014100000MUa0qAAD,"Dick's Sporting Goods, Inc.",dickssportinggoods.com
0014100000MUa0rAAD,SanDisk Corporation,sandisk.com
0014100000MUa0sAAD,NCR Corporation,ncr.com
0014100000MUa0tAAD,"Starwood Hotels &amp; Resorts Worldwide, Inc.",starwoodhotels.com
0014100000MUa0uAAD,"Expeditors International of Washington, Inc.",expeditors.com
0014100000MUa0vAAD,"Fidelity National Information Services, Inc.",fisglobal.com
0014100000MUZvzAAH,Qualcomm Incorporated,qualcomm.com
0014100000MUZw0AAH,Emerson Electric Co.,emerson.com
0014100000MUZw1AAH,Northrop Grumman Corporation,northropgrumman.com
0014100000MUZw2AAH,Duke Energy Corporation,duke-energy.com
0014100000MUZw3AAH,Capital One Financial Corporation,capitalone.com
0014100000MUZw4AAH,Aflac Incorporated,aflac.com
0014100000MUZw5AAH,Raytheon Company,raytheon.com
0014100000MUZw6AAH,"Staples, Inc.",staples.com
0014100000MUZw7AAH,EMC Corporation,emc.com
0014100000MUZw8AAH,Eli Lilly and Company,lilly.com
0014100000MUZw9AAH,Alcoa Inc.,alcoa.com
0014100000MUZwAAAX,"National Oilwell Varco, Inc.",nov.com
0014100000MUZwBAAX,Baker Hughes Incorporated,bakerhughes.com
0014100000MUZwCAAX,"US Foods, Inc.",usfoods.com
0014100000MUZwDAAX,Time Warner Cable Inc.,twc.com
0014100000MUZwEAAX,Union Pacific Corporation,up.com
0014100000MUZwFAAX,Abbott Laboratories,abbott.com
0014100000MUZwGAAX,Xerox Corporation,xerox.com
0014100000MUZwHAAX,"Arrow Electronics, Inc",arrow.com
0014100000MUZwIAAX,Kimberly-Clark Corporation,kimberly-clark.com
0014100000MUZwJAAX,U.S. Bancorp,usbank.com
0014100000MUZwKAAX,United Services Automobile Association,usaa.com
0014100000MUZwLAAX,Freeport-McMoRan Copper &amp; Gold Inc.,fcx.com
0014100000MUZwMAAX,Icahn Enterprises L.P.,ielp.com
0014100000MUa0wAAD,"United Natural Foods, Inc.",unfi.com
0014100000MUa0xAAD,Auto-Owners Insurance Group,auto-owners.com
0014100000MUa0yAAD,"Windstream Holdings, Inc.",windstream.com
0014100000MUa0zAAD,"Dr Pepper Snapple Group, Inc.",drpeppersnapplegroup.com
0014100000MUa10AAD,Lennar Corporation,lennar.com
0014100000MUa11AAD,Sanmina,sanmina.com
0014100000MUa12AAD,"Harley-Davidson, Inc.",harley-davidson.com
0014100000MUa13AAD,CONSOL Energy Inc.,consolenergy.com
0014100000MUa14AAD,The J.M. Smucker Company,smucker.com
0014100000MUa15AAD,Newell Rubbermaid Inc.,newellrubbermaid.com
0014100000MUa16AAD,"CH2M HILL Companies, Ltd.",ch2m.com
0014100000MUa17AAD,Energy Future Holdings Corp.,energyfutureholdings.com
0014100000MUa18AAD,Susser Holdings Corporation,susser.com
0014100000MUa19AAD,Laboratory Corporation of America Holdings,labcorp.com
0014100000MUa1AAAT,"Kindred Healthcare, Inc.",kindredhealthcare.com
0014100000MUa1BAAT,Leidos Holdings Inc.,leidos.com
0014100000MUa1CAAT,Booz Allen Hamilton Holding Corp.,boozallen.com
0014100000MUa1DAAT,"The Jones Financial Companies,L.L.L.P.",edwardjones.com
0014100000MUa1EAAT,Cliffs Natural Resources Inc.,cliffsnaturalresources.com
0014100000MUa1FAAT,"PulteGroup, Inc.",pultegroupinc.com
0014100000MUa1GAAT,Regions Financial Corporation,regions.com
0014100000MUa1HAAT,NiSource Inc.,nisource.com
0014100000MUa1IAAT,"Graybar Electric Company, Inc.",graybar.com
0014100000MUa1JAAT,"Integrys Energy Group, Inc.",integrysgroup.com
0014100000MUZwNAAX,ManpowerGroup Inc.,manpowergroup.com
0014100000MUZwOAAX,HollyFrontier Corporation,hollyfrontier.com
0014100000MUZwPAAX,Global Partners LP,globalp.com
0014100000MUZwQAAX,The Goodyear Tire &amp; Rubber Company,goodyear.com
0014100000MUZwRAAX,PBF Energy Inc.,"www,pbfenergy.com"
0014100000MUZwSAAX,Danaher Corporation,danaher.com
0014100000MUZwTAAX,Nucor Corporation,nucor.com
0014100000MUZwUAAX,Kohl's Corporation,kohlscorporation.com
0014100000MUZwVAAX,AbbVie Inc.,abbvie.com
0014100000MUZwWAAX,Whirlpool Corporation,whirlpoolcorp.com
0014100000MUZwXAAX,Amgen Inc.,amgen.com
0014100000MUZwYAAX,"Jabil Circuit, Inc.",jabil.com
0014100000MUZwZAAX,"Kraft Foods Group, Inc.",kraftfoodsgroup.com
0014100000MUZwaAAH,The Progressive Corporation,progressive.com
0014100000MUZwbAAH,"CenturyLink, Inc.",centurylink.com
0014100000MUZwcAAH,"General Mills, Inc.",generalmills.com
0014100000MUZwdAAH,Southwest Airlines Co.,southwest.com
0014100000MUZweAAH,"Altria Group, Inc.",altria.com
0014100000MUZwfAAH,"AutoNation, Inc.",autonation.com
0014100000MUZwgAAH,Chesapeake Energy Corporation,chk.com
0014100000MUZwhAAH,Dollar General Corporation,dollargeneral.com
0014100000MUZwiAAH,TRW Automotive Holdings Corp.,trw.com
0014100000MUZwjAAH,United States Steel Corporation,ussteel.com
0014100000MUZwkAAH,Colgate-Palmolive Company,colgatepalmolive.com
0014100000MUa1KAAT,The Clorox Company,thecloroxcompany.com
0014100000MUa1LAAT,"Wynn Resorts, Limited",wynnresorts.com
0014100000MUa1MAAT,"The Andersons, Inc.",andersonsinc.com
0014100000MUa1NAAT,"J.B. Hunt Transport Services, Inc.",jbhunt.com
0014100000MUa1OAAT,AK Steel Holding Corporation,aksteel.com
0014100000MUa1PAAT,Harbinger Group Inc.,harbingergroupinc.com
0014100000MUa1QAAT,MeadWestvaco Corporation,mwv.com
0014100000MUa1RAAT,The Western Union Company,westernunion.com
0014100000MUa1SAAT,The Charles Schwab Corporation,aboutschwab.com
0014100000MUa1TAAT,"Discovery Communications, Inc.",discoverycommunications.com
0014100000MUa1UAAT,Spectra Energy Corp,spectraenergy.com
0014100000MUa1VAAT,"St. Jude Medical, Inc.",sjm.com
0014100000MUa1WAAT,"CF Industries Holdings, Inc.",cfindustries.com
0014100000MUa1XAAT,Con-way Inc.,con-way.com
0014100000MUa1YAAT,Old Republic International Corporation,oldrepublic.com
0014100000MUa1ZAAT,JetBlue Airways Corporation,jetblue.com
0014100000MUa1aAAD,"Calumet Specialty Products Partners, L.P.",calumetspecialty.com
0014100000MUa1bAAD,"Kelly Services, Inc.",kellyservices.com
0014100000MUa1cAAD,Domtar Corporation,domtar.com
0014100000MUa1dAAD,Murphy Oil Corporation,murphyoilcorp.com
0014100000MUa1eAAD,Harris Corporation,harris.com
0014100000MUa1fAAD,"Asbury Automotive Group, Inc.",asburyauto.com
0014100000MUa1gAAD,"Big Lots, Inc.",biglots.com
0014100000MUa1hAAD,"Advanced Micro Devices, Inc.",amd.com
0014100000MUZwlAAH,Cummins Inc.,cummins.com
0014100000MUZwmAAH,PACCAR Inc,paccar.com
0014100000MUZwnAAH,The Southern Company,southerncompany.com
0014100000MUZwoAAH,Illinois Tool Works Inc.,itw.com
0014100000MUZwpAAH,"The PNC Financial Services Group, Inc.",pnc.com
0014100000MUZwqAAH,"Medtronic, Inc.",medtronic.com
0014100000MUZwrAAH,The AES Corporation,aes.com
0014100000MUZwsAAH,Murphy USA Inc.,corporate.murphyusa.com
0014100000MUZwtAAH,Bristol-Myers Squibb Company,bms.com
0014100000MUZwuAAH,Lear Corporation,lear.com
0014100000MUZwvAAH,"The Gap, Inc.",gapinc.com
0014100000MUZwwAAH,Apache Corporation,apachecorp.com
0014100000MUZwxAAH,eBay Inc.,ebayinc.com
0014100000MUZwyAAH,The Bank of New York Mellon Corporation,bnymellon.com
0014100000MUZwzAAH,CBS Corporation,cbscorporation.com
0014100000MUZx0AAH,PG&amp;E Corporation,pge.com
0014100000MUZx1AAH,"ConAgra Foods, Inc.",conagrafoods.com
0014100000MUZx2AAH,Computer Sciences Corporation,csc.com
0014100000MUZx3AAH,"American Electric Power Company, Inc.",aep.com
0014100000MUZx4AAH,Western Digital Corporation,westerndigital.com
0014100000MUZx5AAH,Marathon Oil Corporation,marathonoil.com
0014100000MUZx6AAH,Baxter International Inc.,baxter.com
0014100000MUZx7AAH,"PPG Industries, Inc.",ppg.com
0014100000MUZx8AAH,"NextEra Energy, Inc.",nexteraenergy.com
0014100000MUa1iAAD,Owens Corning,owenscorning.com
0014100000MUa1jAAD,Realogy Holdings Corp.,realogy.com
0014100000MUa1kAAD,"Host Hotels &amp; Resorts, Inc.",hosthotels.com
0014100000MUa1lAAD,MRC Global Inc.,mrcglobal.com
0014100000MUa1mAAD,"Simon Property Group, Inc.",simon.com
0014100000MUa1nAAD,Tractor Supply Company,tractorsupply.com
0014100000MUa1oAAD,"Gannett Co., Inc.",gannett.com
0014100000MUa1pAAD,"Alaska Air Group, Inc.",alaskaair.com
0014100000MUa1qAAD,"Insight Enterprises, Inc.",insight.com
0014100000MUa1rAAD,"McGraw Hill Financial, Inc.",mhfi.com
0014100000MUa1sAAD,"Buckeye Partners, L.P.",buckeye.com
0014100000MUa1tAAD,Quintiles Transnational Holdings Inc.,quintiles.com
0014100000MUa1uAAD,"American Financial Group, Inc.",afginc.com
0014100000MUa1vAAD,United Stationers Inc.,unitedstationers.com
0014100000MUa1wAAD,"Coach, Inc.",coach.com
0014100000MUa1xAAD,LKQ Corporation,lkqcorp.com
0014100000MUa1yAAD,"Noble Energy, Inc.",nobleenergyinc.com
0014100000MUa1zAAD,"Bemis Company, Inc.",bemis.com
0014100000MUa20AAD,Joy Global Inc.,joyglobal.com
0014100000MUa21AAD,Wyndham Worldwide Corporation,wyndhamworldwide.com
0014100000MUa22AAD,"NII Holdings, Inc.",nii.com
0014100000MUa23AAD,"Lorillard, Inc.",lorillard.com
0014100000MUa24AAD,Alleghany Corporation,alleghany.com
0014100000MUa25AAD,"Airgas, Inc.",airgas.com
0014100000MUZx9AAH,"Community Health Systems, Inc.",chs.net
0014100000MUZxAAAX,Loews Corporation,loews.com
0014100000MUZxBAAX,"Penske Automotive Group, Inc.",penskeautomotive.com
0014100000MUZxCAAX,FirstEnergy Corp.,firstenergycorp.com
0014100000MUZxDAAX,Starbucks Corporation,starbucks.com
0014100000MUZxEAAX,Monsanto Company,monsanto.com
0014100000MUZxFAAX,Kellogg Company,kelloggcompany.com
0014100000MUZxGAAX,"Land O'Lakes, Inc.",landolakesinc.com
0014100000MUZxHAAX,"ONEOK, Inc.",oneok.com
0014100000MUZxIAAX,Omnicom Group Inc.,omnicomgroup.com
0014100000MUZxJAAX,Anadarko Petroleum Corporation,anadarko.com
0014100000MUZxKAAX,"EOG Resources, Inc.",eogresources.com
0014100000MUZxLAAX,DISH Network Corporation,dish.com
0014100000MUZxMAAX,Genuine Parts Company,genpt.com
0014100000MUZxNAAX,"Kinder Morgan, Inc.",kindermorgan.com
0014100000MUZxOAAX,"Waste Management, Inc.",wm.com
0014100000MUZxPAAX,The Chubb Corporation,chubb.com
0014100000MUZxQAAX,Aramark Holdings Corporation,aramark.com
0014100000MUZxRAAX,Viacom Inc.,viacom.com
0014100000MUZxSAAX,Las Vegas Sands Corp.,sands.com
0014100000MUZxTAAX,"Dominion Resources, Inc.",dom.com
0014100000MUZxUAAX,Ecolab Inc.,ecolab.com
0014100000MUZxVAAX,"Smithfield Foods, Inc.",smithfieldfoods.com
0014100000MUZxWAAX,Thermo Fisher Scientific Inc.,thermofisher.com
0014100000MUa26AAD,First American Financial Corporation,firstam.com
0014100000MUa27AAD,"United Rentals, Inc.",ur.com